Content,Label
intel kadal gurun,2
anjing buka aib twitter,1
semangat ayo loyo,4
pegl rasis orang tidak malu begitu semenjak masuk pemerintahan serba rugi nombok suku marga tidak ngingetin begitu hiiiiiiiii,4
pdhl anjing,1
ramai fifa < I-PER/>ganjar < I-PER/>pranowo menpan rb ubah regulasi batasan usia pns,4
ngantuk banget anjing,1
sope privasi dipost disosmed bodoh,1
rosiade buzzer,3
lelaki bodoh,1
not me keluarkan duit atm pastu lupa amik duitnya lepas amik card blah huhu bodoh,3
charge keimanan warga binaan rutan < I-LOC/>pasangkayu dengarkan ceramah < I-PER/>agama ramadhan,4
bodoh,1
dikasih bpkb nemu istilah nolong anjing kejepit namanya jaminan disita dilelang peminjam nunggak hutangnya hutang macet hati,1
bodoh benar sampe kayak begini,1
waspada provokasi negatif terkait presiden< I-PER/>tial threshold,3
dekat msia ni melayu isle memang penyakit hati rasis esp parti isle k< I-PER/>onon memang smp la melayu ssh nak,4
< I-LOC/>nusantara obrolan dimeja makan bareng asisten rmh  < I-PER/>tanggaku salah pengagum < I-PER/>jokowi bi mengagumi < I-PER/>jokowi slalu,4
dimata hukum hubungan seksual orang dewasa anakanak anak korban data anak diumbar,4
warna langit kelam < I-LOC/>kufah lautan luka duka malam hati pecinta retak memikul sedih pilu,4
kaum kadrunista sok arabn jidat gosong udah suci modal gamis kafirn orang simak ka,4
tertawa anjing komentarnya,1
buzzer semoga kelindes kontener,3
ente rud ketum pdip korbankan anaknya orang < I-PER/>ganjar gubernur periode prestasinya zero prestasiminim bingitz mendingan mbak dari hc puan mahal ssos capres pdip kesempatan,4
anjing ah,1
itsme beradab tai anjing aku juga malas beradab tua kayak gitu,1
penunggang < I-PER/>agama versi < I-PER/>agama,4
kembalikan kapel ku dulu anjing,1
anjing pungli dimanamana,1
kecik mak xsekolahkn < I-PER/>agama begini sedap tgn je tulis kesian,4
mahasiswa demo siarkan tvgiliran koruptor tayangkanoligarki kuat bangsa,3
mikirnya keren bat ore pakai celana robek potong top tertawa aslinya kayak kekurangan bahan penistaan indeed,4
asmara ssma bodoh kerja tidak apa-apa presiden seumur hidup kadal gurun,2
anjing beneran bodoh orang wkwkwkwkwk demo cuman ajang keren kerenan < I-PER/>doi libur syuting,1
didu buzzer dbyar < I-ORG/>brp yax ksus embat terus bwt buzer itungna kyx begini embat bwt buzer sisaaaaa dapat < I-ORG/>brp kamu buzer uang toilet doang,1
wf muslim terorss < I-PER/>koo rasis,2
gampang kemakan click bait banget mbak bodoh kebangetan,1
< I-PER/>ndar berkeberatan mengajukan gugatan ptun lapor lapor demo ahli hukum,3
buka gemboknya cupu kamu anjing,1
baca berita segerombolan penganut < I-PER/>agama nama < I-PER/>agama anut bersukaria menelanjangi perempuan pemandu karaoke mengaraknya melemparkannya laut isis kalah bgmn caramu mengalahkan ideologi,4
bodoh diselamatkan,1
demo yes anarkis no,3
< I-PER/>prim benar benar kamu kakak kamu bunting anjing,1
< I-PER/>shanty pokoknya jualan < I-PER/>agama auto kaya raya,4
radikal kadal gurun < I-LOC/>indonesia rusuh kalau korupsi bandar judi,2
dalam perjalanan setan sekali mreka ujungnya army katany menyentuh dulu padahal situ dh kayak anjing menggonggong me< I-PER/>lulu kayak belum kasih makan tuannya,1
kayaknya wanita dicicipi diaraktrus nyicipinya pura suci< I-LOC/>sumbar salahsatu sarangnya kadrunpersis malinkundang kandungnya cicipi jugaparahhh,4
ayo,4
iya sadar gua kena pelecehan verbal pemaksaan gila sadar gua,1
< I-LOC/>pki masuk tes wawasan kebangsaan < I-LOC/>pki mengadu domba memisahkan umat islam al < I-PER/>quran tes kebangsaatan suruh pilih < I-PER/>agama pancasilabiadab tangkap dalang tes kebangsaatan,4
pendek akal perempuan ni sedih ilmu < I-PER/>agama cetek macam ni,4
anjing benar aku,1
ih bodoh sekali,1
wkwkwkudah mikir pemimpin daerah lainmalu anis baswedan anis gembar gemborkan tuduh intoleran kebalikanyaemang hrs begitu pemimpin pilih kasih warganya,4
perkuat iman warga binaan rutan < I-LOC/>pasangkayu gelar ceramah < I-PER/>agama ramadhan,4
cayah anak kunyuk koma di< I-PER/>hajar pacar < I-PER/>agnes anak penzina ta,4
ngurusi pezina pelaku pesan mesum kau puja imam fahim mawardikyai cabul jember kau anggap ulama dasar dunia kadal gurun,2
tingkatkan keimanan ramadhan rutan < I-LOC/>pasangkayu gelar ceramah < I-PER/>agama,4
anjing,1
dumdum melanggar ham pelecehantangkap orang main hakim,4
orang bodoh,1
tingkatkan kerohanian wbp rutan < I-LOC/>pasangkayu gelar kegiatan ceramah < I-PER/>agama,4
triasari muslim terlepas muslim orang paham < I-PER/>agama as mos< I-PER/>leem aku < I-PER/>agama islam < I-PER/>agama diterima tuhan as human aku percaya nilai < I-PER/>agama,4
kadey kadey dik serabut mikir nyo mari sakit palo lamo lamo demo duk takey tokleh okk doh pon kito,3
anjing l< I-PER/>agu raya remix ni,1
news demo,3
idn apa-apaan please go to hell for him pemuka < I-PER/>agama gitu aware ka,4
anjing sender kamu maju ribut babi,1
wkwkwkwkwkwkwkwk anjing banget,1
orang orang dikasih amanah ngapa kek tai anjinggitar temen gua ilang anjing,1
hdh bodoh,1
kaum liberalsekuler media mengajari perbedaan rasis islamophobia rasis antisemit anti china komunis,2
kunci perempuan kunci otak kamu goblo banget sangean kejadian pemerkosaan pelecehan control your kntl njir wanita udah nolak tetep ten< I-PER/>aga gedean pria wanita dibunuh karna pemerkosaan kek hewan manusia sangean,1
halahh kontol pas parak raya ja bodoh,1
ongko bahrawi kayak begini perha< I-PER/>tian investor pabrikusaha < I-LOC/>indonesia teroris pendukungnya bebas < I-LOC/>indonesia pendukung teroris mah enak tinggal nyalahin pemerintah khilafah atau < I-PER/>agama versinya solusi,4
< I-LOC/>korsel cantik hidup idol juga bullying warga rasis abiiiisss pokoknya begitu,4
skip < I-PER/>agama seh,4
bela fandom udah kaya bela < I-PER/>agama waras,4
id < I-PER/>aguero semenjak pensiun kayak anjing,1
semangat ayo loyo,4
iyah tahun mmh jepang berurusan sama polisi s< I-PER/>ono laporan pencurian gercep penanganannya bukti wna resmi < I-LOC/>tpi case amerika terkenal rasis orang asia ceritanya beda,4
apasih jancok p< I-PER/>agi p< I-PER/>agi orang bodoh,1
biarkan demo hak dilarang,3
aksinya pedemo melepaskan tikus putih hidup tikus masuk lobi gedu,4
kadal gurun mengamuk,2
< I-PER/>diem doang ngalah setuju debat ngobrol orang bodoh,1
percaya < I-PER/>agama direnungin,4
opik iya ditipu ped< I-PER/>agang < I-PER/>agama bani < I-LOC/>yaman cium kaki ditipu ped< I-PER/>agang < I-PER/>agama jualan < I-LOC/>palestina dibohongi foya ketua bininya bodoh tidak,4
ayo,4
enjeull asmara buzzer rp < I-PER/>yohanes pembaptis palsu narasi prestasi prediksi skor togel,3
kadal gurun naaah depanku,2
banget anjing tidur fak men maderfaker,1
alfatih marm pantes < I-LOC/>indonesia dijajah isinya orang bodoh kayak kamu,1
< I-LOC/>suai lahapakah kaum buzzer cebongers didalamny,3
ceramah diskusi < I-PER/>agama tingkatkan iman taqwa wbp rutan < I-LOC/>pasangkayu,4
anjing,1
kelas pidana saya kadang suka unik tahu pacar usia tahu pacaran dari sama hubungan seksual masuk seb< I-PER/>agai perbuatan pidana kadang ada semangat tidaak,4
lingkungan atasan adminnya kerjaan giliran bawaan disalahin ditambah pelecehan sksul,1
kadal gurun kerjaan ku cape butuh ten< I-PER/>aga kuat p< I-PER/>anasan centeng turunbolak mainan ama becek haduuuuhhh g< I-PER/>ag cocok < I-PER/>eneng,4
ayo main game capsa susun qiuqiu gaple dll bersamaku chip gratis tunggu ambil klik link,4
kunjungannya pasar legi solo presiden < I-PER/>jokowi didampingi gubernur < I-LOC/>jateng < I-PER/>ganjar < I-PER/>pranowo memakai baju selara,4
< I-LOC/>bangor achilles palungmariana sd zaky ogah sekali malesin ikut akun kaum bani kadal gurun bin kampret,2
kuhilang cuitan caption rasis kok dikatakan bawa perasaan dasar kecebong rasis,2
capek aku ai fandom tukang provokasi kamu k< I-PER/>aga dukung yuta memperkeruh suasana pakai nyudutin penggemar deh misinterpreted maksud protesnya ai dr< I-PER/>agging aku cuma yuta keadilan,1
kajian ke< I-PER/>agamaan < I-PER/>agama islam tanggal senin april wita selesai tema niatku kekuatanku pemateri ustadz irfan maulan lokasi musholla naval ltground,4
follawers wajib paham memviralkan perbuatan kejahatan dituntut penghinaan danatau pencemaran nama ba,4
bahrawi pkb ppp politisasi < I-PER/>agama lambang < I-ORG/>partainya menunjukan politisasi < I-PER/>agama politik identitas,4
calm orang logikanya somplak china rampas kedaulatan nkri kadal gurun,2
kadal gurun ko percaya,2
< I-LOC/>boyolali jawa presiden < I-PER/>joko widodo gubernur jawa < I-PER/>ganjar < I-PER/>pranowo mengecek harga bahan pokok pasar legi jalan letjen parman kota solo,4
coba memutuskan pindah pelajari < I-PER/>agama islam kayak belajar < I-PER/>agama kristen kedalaman lihat islam orangnya tapi ajarannya maaf tapi dirimu diriku islamnya keturunan pilihan coba scr sadar pelajari islam dulu,4
met p< I-PER/>agi ayo bonding paimun,4
p< I-PER/>agi bodoh,1
sapiens iman beriman menemukan tuhan delusional iman dtg dari tuhan < I-PER/>agamamu datangnya dari tuhan salah atheis salah tuhanmu kalau salah tuhanmu mau apa kamu bacot kamu udah cari tuhan lihat mukanya,4
hahahahakasihan deh kamu anak yatim kelakuannya anjing,1
anjing,1
penampakan perempuan perempuan < I-LOC/>iran mall < I-LOC/>teheran bayangkan perempuan < I-LOC/>iran paska demo besaran kema< I-PER/>tian mahsa amini,3
< I-LOC/>nusantara owhh negara milik golongan yaokeh,4
kenapa aku malas open atas pelecehan orangtua aku wkwkk aku juga nyepelein kayak begini,1
ayo dukung densus membasmi teroris kadal gurun kroninya,2
duhkenang kuliah masjid < I-LOC/>ugm alihalih simpati < I-PER/>ganjar < I-PER/>pranowo dirujak warga internet lombok insider,4
ril anjing,1
diadili seadil adilnya sudah korban mati < I-PER/>diem dituduh pelecehan seksual < I-PER/>agnes pantes dibuka sex recordnya dibutuhkan korban korban sudah sakit sakit dari dibocorkannya sex record < I-PER/>agnes,1
ustazah tu cakap in marri< I-PER/>age ni sometimes mak ajar so isterisuami kena ajar belajar kena orang diajar bodoh sombong tunggang < I-PER/>agama jugak,4
tujuan belajar ilmu < I-PER/>agama mencari keridhoan allah taala,4
menfess ni komen bodoh sekali anjrit udah jeno orang < I-PER/>agama jeno,4
kbf kimia elin menit bengong menit sokan ngerjain menit inget b< I-ORG/>brpa terus ngerjain menit lupa nebelin pensil banyak omong berbelit belit anjing,1
berjalan bareng < I-LOC/>indonesia < I-PER/>pranowo,4
relawan < I-PER/>anies kasih kendor ayo bongkar kebusukan rezim benalu bangsa kera< I-LOC/>kusannya dalam menimbun kekayaan korupsi kelewat batas sendi pemerintahan terindikasi korupsi kejahatan menang,3
typoultra konservatif india istarl dikuasai kelompok ultra konservatif sangat rasis jahat minoritas < I-LOC/>afganistan ayo rukun,4
ayo brader tunjukkan bersih sucinya < I-ORG/>republik < I-LOC/>indonesia masamu masak takut ma < I-PER/>anas,4
demokrat menorma< I-PER/>lisasi perampokan shoplifting alasan woke culture orang melawan peraturan didak,4
tidur nyenyak anjing aku cape malam batuk terus,1
perkuat iman warga binaan rutan < I-LOC/>pasangkayu gelar ceramah < I-PER/>agama ramadhan,4
buron narkoba muncul publik dilantik pejabat negara bodoh pisan statusnya buron kayanya malas nyari polisinya,1
pelecehan korban speak atas memilih menyembunyikan kotor salah kotor pelecehan marak mengganggap enteng pelecehan,1
lantang mas < I-PER/>anas menyebut skenario menyelesaikan karir politik < I-PER/>anas menje,4
mau apa belok < I-LOC/>bekasi anjing,1
halang kenderaan gangguan seksual perbuatan pemandu ke< I-PER/>lisa undang kemarahan warga internet,4
puan setali uang < I-PER/>jokowi menuntut hak laksanakan kewajiban bengis ab,4
unik heran apapun < I-PER/>agamanya dimanapun tempatnya < I-PER/>agama mayoritas otomatis show atas,4
kya bisaaa ayo < I-ORG/>reply,4
asmara warga bogorkerja jakarta saksi bgmn monas era < I-PER/>aniesyang berita bergaunggaungnya kencang suara buzzerharusnya team medsosnya < I-PER/>anies kencang suaranyajgn kalah coba stigma negatif,4
thread b< I-PER/>agus misteri menerima cinta tuhan menerimanya < I-PER/>agama mengajarkan sibuk berteduh membentengi darinya bersyukur menulis bahasa < I-LOC/>indonesia dimana tuhan multitafsir universal,4
sok ngide ngewarnain rambut eh kek tante girang anjing,1
kritik dikit kadal gurun heran aslinya mah pendukung < I-PER/>jokowi kocak aslinya,2
gaji dibayar ratusan perangkat desa demo,3
logo rasis logo,2
orang tipe begini bertindak nama < I-PER/>agama kelakuannya buruk setan,4
gua sisanya kamu anjing,1
bismillah yok semangat cari uang puter otak ditakdirkan istrinya < I-PER/>jeff bezos mark zcberg ayo inget t< I-PER/>agihan lebaran butuh duit,4
sndiri sender sudah dewasa kaya begini ditanyain disosmed karna han,4
wiiihh mantap ayo pendukungsi< I-PER/>anies serbu donk lapak aku katain < I-PER/>prabowo donk,4
dijamin masuk surga < I-PER/>agama verifikasi sebatas klaim menuntut iman pokoknya percaya,4
bully diserang dipojokan arah hina cinta dapatkan cacian,4
id < I-ORG/>republik < I-LOC/>indonesia yantie < I-PER/>nakula demo orangorang ituh,3
kampanye capres < I-PER/>anies baswedan dikotori hoaxhoax bombastis teranyar bem bikinan < I-PER/>anies baswedan kuliah < I-LOC/>ugm memimpin demo ribuan orang allah buka < I-PER/>anies,3
t< I-PER/>agih kontrakan emosi bodoh,1
exe ayo,4
statement tk puas hati ii individu tu tolong libatkan kaum < I-PER/>agama negeri bla bla bla bleh ii sakit hati ap ii tk kena pergi hadap ii la bara dalam uc ja brani ckp,4
ayo,4
meliala udahlah kadal gurun biarin,2
udien tindakan diluar batas tindakan bertentangan ajaran < I-PER/>agama,4
pede sekali anjing akun chart mah dimana update cok surpassing pick me behavior fear,1
dasar buzzer gblk,3
ayo,4
buibu insecure anaknya seumuran < I-PER/>gemas tapi belum kayak anak unik prosesnya masi,4
untung kali ekspek apaapa < I-PER/>lulu sempet kepikiran sadam < I-PER/>lulu adiknya wafda b< I-PER/>agaimana anjing ud b< I-PER/>agaimana b< I-PER/>agaimana yaudah,1
pemeluk < I-PER/>agama islam sayang kehilangan saudara se< I-PER/>agama,4
jenayah seksual masyarakat ketetapan tarikh april rabu p< I-PER/>agi p< I-PER/>agi pla< I-PER/>tform live fb p< I-PER/>age pejabat pembangunan wanita negeri pulau pinangppwnpp,4
ayo nangis bareng,4
tingkatkan keimanan ramadhan rutan < I-LOC/>pasangkayu gelar ceramah < I-PER/>agama,4
bodoh kadal gurun emang bodoh,1
dumdum < I-LOC/>pki kadal gurun,2
habis colmek yaaa coba kamu anjing anus < I-PER/>yohanes berpestai pungsi tugu bambu mesum,1
abang ayo ngobrol,4
ni tanda kebesaran tuhan rencana allah kontol ak saja kek anjing bawa takdir,1
askrl tau pelecehan coba baju wanita coba goa,4
tertawa anjing sekarang k< I-PER/>agof pacar aku sampe tua k< I-PER/>agof doang,1
barangkali hasil revolusi mental digembar gemborkan regim buzerpnya berkedok < I-PER/>agama bersorban mengaku < I-PER/>sayidina umar bin khatab sejatinya islamphobia heran keturunannya pezina hedonis adab,4
ansori kritik internal pemerintahan lampung aspeknyatapi laporan penghinaan suku b< I-PER/>agaimana kamu bro,1
anjing persetan sudah ajg gua pasrah matmit tol,1
marah berbalut < I-PER/>agama khan bebas hujatan jerat hukum,4
heran pelecehan seksual terhadap anak marak banget difasilitasi begini sakit jiwa kamu anjing,1
mak < I-PER/>ganjar sumatera utara bersilaturahmi memperkenalkan sosok < I-PER/>ganjar < I-PER/>pranowo pilih presiden,4
yaudah biarin yaudah senyumin yaudah lupain yaudah biasain yaudah lepasin semudah bacot kamu kalii,3
< I-PER/>agama sudah ajar sudah kahwin tupuasa payah sangat,4
apapun berusaha melawan manipulasieksploitasi seksual dilabelin peyoratif sjw,4
< I-PER/>neno warisman ratna < I-PER/>sarumpaet orang laskarwati kadal gurun militan pilpres pendukung < I-PER/>anie,2
ceramah diskusi < I-PER/>agama tingkatkan iman taqwa wbp rutan < I-LOC/>pasangkayu,4
bahrawi cukong koruptor berani disentuh udah hehehe rasis kok statement begitu bang,4
gl menciptakan windows orang kristen shortcut bayangkan menciptakan < I-PER/>agama sebelah betapa ruwetnya aplikasi komputer,4
semangat ayo loyo,4
hidup kalau tidak sedih sedih sekali anjing,1
negara bebersih disemua lemb< I-PER/>aganya terkena virus kadal gurun masukan,2
sebel tu kek yaudah afk anjing maksud kamu k< I-PER/>agak make wanwan mah lebih baik cari hero anjrittttttt bego banget hadehhh fakyu,1
ketoknya gerombolan cari panggung loossss firly gaassskkkeeeennnnn formula kelompok kadal gurun gerombolan kuat menyerangberarti jalan firly,2
bahrawi fz politikus partai suka bersuara islamofobia teroris ditembak giniujungnya densus dibubarkan,4
nder kayaknya < I-PER/>agama tidak ada campur tangan setan deh hati allah allah membolak balikkan hati kek kamu gara pria,4
< I-PER/>tikadrun kebenaran berdasarkan versi kadal gurun cebong berdasarkan prinsip murah kebenaran disandarkan golongan kadruncebong kampret istilah bersifat mengolok bagi< I-PER/>loe kayaknya begitu,2
dorang kejar tu nak gigit just nak kejar je anjing nak gigit tu dorang takkan kejar dorang speed atas and gigit macam tu,1
ditembakmodarrr ya koruptor anjing,1
nazaruddin otaknya bro< I-PER/>anas salah terjebak pusaran hambalangcontoh sadar terjebak kelompok radikalakibat salah pilih temanmenteror pemerintah narasi kebencianhidup santai tong provokator,3
chotimah alhamdulillah isu dimainkan kadal gurun identitas elektronik wadas dll mempan politik identitas,2
manusia bodoh,1
cebong buzzer dungu saja dikibulin,3
anjing sick sekali otak gws deh dek,1
thanks mba udah mengakui kesalahan semoga allah mudahkan belajar < I-PER/>agama islamnya rekomendasi channels b< I-PER/>agus belajar semoga membantu,4
sender bingung nanya base kristen pendetanya islam ustadnya masingmasing pemuka < I-PER/>agama sender berharap nanya modelan begini base hadeh aneh sekali,4
kristen < I-PER/>agama kak,4
iyey meni geleh kitu perkataan anjing aku hayang < I-LOC/>utah meni berlebihan sia kontol lalaki teh sia lalaki atawa awewe,1
kamu doang p< I-PER/>agi p< I-PER/>agi emosi aku anjing,1
bodoh orang inipelanggaran maksud< I-PER/>ganjarkan label capresbeda kalau < I-PER/>anies dicapreskanpintar dikit,3
bahrawi bacot kamu kayak orang benar,1
pas ramadhan warung dilarang buka lebaran thrnjing anjing kurap,1
tingkatkan kerohanian wbp rutan < I-LOC/>pasangkayu gelar kegiatan ceramah < I-PER/>agama,4
geh ancur banget ditiktok orang lampung speak atas wkwkwkw makasih mas bima < I-LOC/>indonesia jalanan lampung,4
darting baca freya kek anjing karakter kesel sekali tot,1
why is token listrik mahal anjing,1
adek tidak kuliah aku urusin aku anterin butuh ngeprint hujanhujan aku cariin printangiliran aku mintain tolong pas ke< I-ORG/>repotan tidak anjing emang kapok sekaratpun tidak aku tolong,1
bodoh,1
adek kamu resah orang begoo memang sekeluarga bodoh b< I-PER/>agaimana sig,1
harga rumah sek demo,3
ganteng beda < I-PER/>agama orangnya lucu gemesin diajak ngobrol nyambung cuek candu percaya zodiak iya virgo pisces jodoh percaya risi banget ngobrol ngmngin zodiak mulu,4
pilpres orang musuh kubu < I-PER/>prabowo musuh umat islam garis lurus pelecehan hinaanya detik tapi kok bergabung diterima < I-PER/>prabowo kualitas manusia,4
takut kena demo kali,3
bodoh merinding,1
giliran aku sudah mimpi alias tdr ni driver sfood sudah jam anjing aku nunggu,1
wan na see buzzer beater,3
bodoh bodoh bodoh bodoh,1
ih bodoh,1
kaka ku nyebelin sekali anjing,1
caur caur tingkah laku anak mahasiswa menghina dosennya yaww hahaha bisa nimbrung tmpt undang juga mbanya demo ls juga hak idolny juga speak atas suka xixi lebih baik dateng kuliah benar bljr jan masuk kuping kiri kuping kanan,4
alien rakyat < I-LOC/>indonesia tertipu < I-PER/>jokowi luhut bodoh luhut pandai menipu,1
< I-PER/>muhaimin iskandar puan mahal < I-PER/>erick thohir,4
dikasih gila anjing bat,1
keliatan banget anjing boti problematik,1
kadal gurun nuntut thr drun,2
pakar keuangan negara negara kadal gurun kebanyakan bacot bersalah takut ada,2
orangorang < I-PER/>agamis orang orang malas ber< I-PER/>agama benar lha klakuannya,4
diorang suruh demo pakai tudung cermin jeles kat surau laju mata hahahahahah,3
untung dikatain bodoh walah bodoh asu,1
yaallah gua baca p< I-PER/>agi p< I-PER/>agi anjing,1
bodoh anying sumpah,1
kadal gurun tolonglah sama orang,2
wb kadal gurun bodoh,2
berjuang membela mantan koruptor mencicipi uang hasil korupsinyasebab balas budi manfaatkan ntk menyerang kualitas pendidikan rendah kurangnya wawasan mudah provokasi,3
salah translate emang orang s< I-PER/>ono misogini patriarki rasis orang speechnya pemenang oscar dicut pas women empower tidak denial napa,4
ayo thank you for,4
p< I-PER/>agi kesayngan exo sehun mari ademkan tl drop vidio kesayangan hesteg birthday ur,4
orang nanya kayak begini base caper memang bodoh beneran tidak tahu,1
chan < I-PER/>diem anjing kasian habis digigit kutu kasur dituduh bukti,1
moa stay anakanak thank but kamu meinggalkan anakanak jauhjauh kamu anjing tidak perlu bangsat,1
usul pengurus organisasi diisi lintas < I-PER/>agama kepercayaan perwakilan ormas islam nu,2
hr kampus aku juga kampus demo perihal uu cipta kerja,3
memang dsrnya pikirannya kotor manada juga maling mengaku begini dbebasin hahaha memang sudah dukung pelecehan seksual kaya sepele amet ksian korban trauma banget psti perna mikir,4
ns raaa foto rs drvgs dimana besi meja nampan besi fandom kamu bodoh banget sampe ngira drvgs akibat kebanyakan haluin oppa,1
udah kamu bangga kafir bilangin sohibmu sewot kafir nyerang ajaran < I-PER/>agama muslim juga bisa nyerang < I-PER/>agama kamu tapi lakukan dalam islam perbolehkan,4
one istri < I-PER/>ganjar kadal gurun coba cek,4
sudah jawapan share nak cakap pasal perlekehkan tu tepuk muka sekor melayang jugak kopiahtudung sekor kau title orang percaya kau ilmu ilmu orang tu explain la dgan perlekeh bodoh,1
buzzer berkuasa oposisi ajaaaaa,3
ali memiliki catatan hitam warga wadas kendeng saksi hidup slogan tuan ku rakyat omong kosong,4
pegl k< I-PER/>onoha terbentuk circle buzzer penjilatteam suksesdiangkat pejabatkorupsimasuk penjarajilat circle oligarki bah< I-PER/>agia circle,4
kadrunkadrun,4
< I-PER/>hasibuan bangsat playing victim membalikan fakta wanita kaya begini pria begini begitu pria salah anjing anjing,1
ayo join grup premium terbaik promo menarik info lengkap klik link,4
redsindo tipu sudah penggemar club anjing emang,1
watak asli kadal gurun,2
dasar otak buzzer,3
munafik kadal gurun namanya,2
kunjungi pasar selo < I-PER/>ganjar < I-PER/>pranowo presiden < I-PER/>jokowi disambut antusias ped< I-PER/>agang disana,4
buzerrp sampah dunia ahherat buzerrp tukang bohong palsu buzerrp penista < I-PER/>agama penyjilat buzerrp pengangguran bodoh buzerrp pecinta porno kulup buzerrp tukang mesum jinah buzerrp cari bodok memfitnh buzerrp bodoh bodoh dungu buzerrp lgbt smua pecinta dubur,1
candaan anggap lucu fisik < I-PER/>agama pelecehan seksual tongkrongan kamu candaan cok kamu keren samsek,4
hsjshhshssh ayo,4
ayo,4
mbaksri pelecehan kaum hawa haram manusia normal,4
sendernya < I-PER/>agama tertarik < I-PER/>agama dideketin penganut < I-PER/>agama komen sepert,4
bacot waw p< I-PER/>agi p< I-PER/>agi,4
yyyyaaahhhhh bodoh,1
eeee bodoh anyg,1
rutan < I-LOC/>pasangkayu giatkan ceramah < I-PER/>agama warga binaan ramadhan,4
meta subekti pemberian insentif pemprov < I-LOC/>jateng kpada sb< I-PER/>agai pengajar < I-PER/>agama budha patut,4
biarkan demo hak dilarang,3
manusia asu densus menangkap teroris isis ji afiliasinya < I-LOC/>papua kadal gurun asu rela saudaranya ditangkap densus,2
provokator menyerang < I-PER/>anies,3
blink pantek bermasalah unnik kamu mau apa bawa bangtan aku anjing emosi banget,1
s< I-PER/>agat memalukan kelakuan kadal gurun pura pura ibadah < I-LOC/>tpi niatnya maling,2
anjing kenapa sentuh sentuh ak,1
nga bawa bawa < I-PER/>agama onta bego,4
kamu kaya benar fell harder virtual without having aduh anjing anjing strees gua cok,1
kaya anjing,1
malu buzzer idealisme,3
sakit hati playlist di< I-ORG/>report manusia manusia anjing ckck allah aku lupain,1
giliran diusik ribut penistaan persekusi embuh,4
jonan kadal gurun yak,2
berkualias < I-PER/>rizal ramli provokator pantes fitnah gaduh negeri jeon jung< I-PER/>kook jung< I-PER/>kookie < I-PER/>gemas komentar lampung bima,3
kadal gurun tidak mh bnyak malas aje ngider nyari jajanan aye tinggal bogor lupa jajanan bogor yak,4
besepah komen rasis drp kaum tucuma ramai pandai baca tu< I-PER/>lisan,4
kamu emng bodoh nderr kesalahan kamu dasar goblokkk mikirrr jancokk,1
bunuh masaltapi malutapi demo teriak pemilu curang anarkis,3
< I-LOC/>bangor waspada < I-LOC/>pki berkedok sosialis atheis hti < I-PER/>fpi ji berkedok < I-PER/>agama islam < I-LOC/>pki hti < I-PER/>fpi ji radikalis pendukung anggota teroris menghancurkan < I-LOC/>indonesia ideologi pancasila,2
kadal gurun lebaran mo pakai baju kebawahnya tidak pakai salaman jendela,2
ngutang l< I-PER/>agi ajaefek gaya hidup sokan sesuain kmampuan penghasilan akhornya kjebak hutang hilang aset,4
< I-ORG/>republik < I-LOC/>indonesia aku tidak abis pikir saut sitomorang belain kadal gurun < I-PER/>anies aku saut sitomorang batak batak ngentooott,2
tipikal penjilat urusan dibawa politik pram< I-PER/>ono ala bicara integritas ketua kpk terindikasi kuat melanggar kode etikbahkan pidana pembocoran data diperkarakanmainan sampah buzzer penguasa,3
sibuk standar aqil baligh diajarkan < I-PER/>agama diabaikan konsep adolescence ala barat dipakai,4
saingan army emang anjing tae kemana p< I-PER/>agip< I-PER/>agi,1
benar anjing aku sampe ngeprint cokkkkk burek sekali pas google tetep aku print bodo,1
selamat p< I-PER/>agi anak anjing,1
gl kasihan udah sholat kelakuan ngaca < I-PER/>agama mu udah benar hatimu busuk lihat hiasan natal mengamuk lihat patung bunda maria mengamuk ngebom gereja smbl teriak allah maha surga nabi kamu tawarkan,4
cerdas kadal gurun otak taruh bol fanatik coba liyat postingan dokter nyinyirin presiden coba fer nyinyirin kinerja anis tahu kelebihan bayar uang rakyat kamu kerjanya nyinyir dokter tapi pesulap,2
konteks tidak lihat videonya tau pelecehan anak kejadian februari anak,4
this week is cover speedrun week im gon na finish lyrics for flame espr loveit record demo of if could be constellation imma do it all imma do it all,4
anjing amrik cuman meronrong hasil bumi < I-LOC/>indonesia,1
id kelakuan iblis bertopengksn < I-PER/>agama,2
ayo move on aku gakuat tinn aku cium bodo,4
aku terlambat anjing,1
bodoh,1
lttd border px solid baru msodataplacementsamecellgt,4
bicara negara as warganya super majemuk warna kulitnya braysis salah contoh top rasis cina poster star wars karakter kulit ireng gambarnya dikecilin cina,4
capres imigran < I-LOC/>yaman merubah ulama buzzer,3
ambang batas parlemen disepakati uu pemilu waspada provokasi negatif terkait presiden< I-PER/>tial threshold,3
pas ketemu reonya speechless dalem hatinya teriak woi inimah ekspektasi aku anjing anak sekali putih bersih kinclong cakep sayu adem ganteng wangi reo ngereog dalem hatinya,1
pemahamanmu < I-PER/>agama membuatmu lupa kemanusiaan salah dirimu betapa bodohnya,4
aku udah bayar anjing yakali aku disuruh nunggu pasar bodoh bodoh,1
media pemberitaan bukti kadal gurun buzzer memfitnah manusia,2
ayo bermain situs slot online terlengkap terpercaya seasia superkaya pilihan permainan,4
mbaksri < I-LOC/>sumbar < I-LOC/>sumbar dibiarkan pelanggaran ham berat penistaan nilai kemanusiaan < I-LOC/>indonesia bukan negara < I-PER/>agama alasan apapun main hakim sndiri aplgi mlecehkan scara seksual murni tindak pidana wajib proses hukum,4
bukti fandom kamu nyebarin rame udah fandom kamu jijik bodoh say goodbye to fav mu mo military stream flop musicnya,1
lung lawan palsu kadal gurun,2
peraya haknya terpenuhi lakukan demo terselubung,3
< I-LOC/>indonesia mah demokrasi akal akalan aslinya komunis alias pemerintahan kritik anak bangsa kasih saran kemajuan giliran anak bangsa coba saran dll eh anggap penghinaan cakeuuupppp,4
asli rakyat buta sekali anjing proyek sadar dikata sudah jatuh lubang,1
polisi moral moral main hakim masuk ranah pidana penganiayaan pelecehan mohon,4
rajanya bohong wan got junjungan kadal gurun,2
aspirasi pastiikut demo,3
wanita gila sama wanita bodoh beda tipis,1
